,Official,Persist,Weekly,Mean7,Profile3w,HourlyReg,LightGBM
SCL,0.10826293758923376,0.013917580398100345,0.0027324346531151073,0.01044930299453604,0.0070535472007066955,0.36129366759935916,0.4962905295649492
TAL,0.14676831274143434,0.009817287957199312,0.0019517735882850819,0.008220961125767234,0.006859467032348785,0.328301616826088,0.498080580728877
TEC,0.1426895493426311,0.011492504176531602,0.0025055072280966866,0.011360493041448046,0.006759200805256009,0.3021511238779712,0.5230416215280654
TVA,0.19438367114013916,0.008974097048932305,0.0035509213781293406,0.007449426097124607,0.0060036746400099735,0.2944810079491138,0.4851572017465505
AECI,0.17296245522498055,0.007751952929140784,0.002585378009335105,0.007540765486000451,0.004116784468962822,0.302155099983801,0.5028875638977792
AZPS,0.08022437419153428,0.013567143540121113,0.0030108229705826644,0.014320459922188307,0.007341189152981136,0.37106762059907966,0.5104683896235128
BANC,0.1602316442554688,0.009868562546798108,0.0023646661936974193,0.008906286602718664,0.004508075627269578,0.3177748388382635,0.4963459259357837
BPAT,0.15557772219280688,0.010692346888825269,0.0036865102160159166,0.008488259881327563,0.006368565109078225,0.3121257586451412,0.5030608370668049
CHPD,0.13563987939203834,0.01251764611428032,0.0024929607852659987,0.007251261484516247,0.005403387628462159,0.33541909449924284,0.501275770096194
CISO,0.07187400138897215,0.012336698766094053,0.003990318854045972,0.012887168186792565,0.009519654005726914,0.42315534897842555,0.4662368098199423
CPLE,0.18879511017755554,0.00978210092903947,0.0023042136916506294,0.011620505770211129,0.0060978682750142035,0.28867315343569366,0.4927270477208352
CPLW,0.1620968728904728,0.014036659945136308,0.0034972321824562813,0.010326059194210422,0.006200911479222127,0.313877516317756,0.48996474799074574
DOPD,0.13056373668622237,0.01731169680484086,0.002284600868216843,0.010335564463521825,0.0076174948034528735,0.33727588778578216,0.49461101858796286
ERCO,0.1892461664371158,0.01359330637832548,0.0032409986755431185,0.007434367742175772,0.005247652032964335,0.2686828832510411,0.5125546254828345
FMPP,0.09657136851036811,0.011153872630897985,0.0026779858091037397,0.013338383041507858,0.00533648497581661,0.33034259278809,0.5405793122442156
GCPD,0.1813611532801688,0.010780189029381661,0.002926814676969894,0.006391748020916589,0.0055289375675900004,0.3064368741435963,0.48657428328137625
IPCO,0.1478261641229004,0.013914474513021182,0.002933439614570916,0.011113023876190706,0.005537502317985954,0.3444161354460797,0.47425926010925085
ISNE,0.062484090597636065,0.008125071288822566,0.0025428842353213623,0.00906591452220018,0.004644574264426179,0.42131380426210363,0.4918236608294898
LDWP,0.11385918008500787,0.017835989633549116,0.004080190005046855,0.013630863567954055,0.008876834290752235,0.32727911235582957,0.5144378300618603
LGEE,0.18418019972749838,0.007804807858459115,0.00307880155016417,0.009309264688830358,0.006648225002026417,0.3265903513505398,0.4623883498224815
MISO,0.1602905337974117,0.011358474250355936,0.0031918181019674526,0.008858165265736753,0.004642089023092695,0.3241585572954176,0.4875003622660176
NEVP,0.108577243001154,0.01345638007198823,0.0029708438964930325,0.011389468481447671,0.0064554456625113615,0.34393464057441003,0.5132159783119956
NWMT,0.15523676840416362,0.01541693915972078,0.003511879834653055,0.011316637276342485,0.006593588845917233,0.30341558155424037,0.5045086049249622
NYIS,0.1732043217817019,0.009391485851383337,0.002444878175133925,0.005685550463992145,0.004371031415330435,0.33950803271585606,0.4653946995966021
PACE,0.11176998141364682,0.012446171613886984,0.004283528461808282,0.011505964416861587,0.008602618378410684,0.3252448165167919,0.5261469191985938
PACW,0.12538636171913514,0.011976375115239626,0.0024586411966928973,0.008032366914407528,0.006872102340820431,0.3307679312052241,0.5145062215084805
PSCO,0.13980202607917727,0.009136300339748745,0.0035204345865259977,0.010945785433567194,0.006459169197145324,0.3331233955627556,0.4970128888010799
SCEG,0.07906334314402892,0.00839682489878849,0.0025563605336139726,0.011146794574502298,0.0055613001015130505,0.38867249780306173,0.5046028789444913
SOCO,0.13308185250421375,0.0064744723306948745,0.0019193251157171229,0.005817402158664138,0.004616004671220806,0.3496927572102827,0.49839818600920666
SWPP,0.18130838573653987,0.0215367074152299,0.004142489396592173,0.013051707448905226,0.007509695374272661,0.29721792940419367,0.47523308522426627
TEPC,0.15556219999759802,0.012968752221419926,0.0025634423182565166,0.011890126801256031,0.006467525419952682,0.30971077920706963,0.500837174034447
TIDC,0.11932640608207347,0.011554127620358434,0.0030365045571560446,0.008748371811498132,0.004954191591253247,0.352906788179562,0.4994736101580987
TPWR,0.16492738806153862,0.008963613226042553,0.002897068378946634,0.010495023012061016,0.005443349451857449,0.3109131447931244,0.49636041307642925
WALC,0.06546443141468554,0.02410537551000294,0.002232147582517605,0.0176777905196196,0.008698592309544364,0.35850802225895767,0.5233136404046722
SC,0.16327462625105787,0.008100741043211589,0.0026188419070577573,0.010203158048770682,0.005005837215118013,0.3263185375035475,0.48447825803123634
AVA,0.18110648898954793,0.008506892587348856,0.0020364967520589364,0.006420819915997991,0.004752113892814435,0.31193113934430255,0.48524604851792913
DUK,0.16686803758633206,0.008713134596342747,0.002542975875018183,0.011601025065305016,0.0050492336249706475,0.3175353572594826,0.48769023599254857
EPE,0.13992863209921222,0.010887643104659754,0.004047812913988319,0.00870415218394278,0.0068269426350164265,0.3151229562660654,0.5144818607971149
FPL,0.08683980740394687,0.011008434119506366,0.0030873246287521335,0.008823972079957304,0.006020892411430156,0.36300146942046274,0.5212180999359443
GVL,0.1079308528076766,0.01651039156193618,0.0036672844832007128,0.011710899203038737,0.0071015057114676245,0.35045798402999573,0.5026210822026844
HST,0.11742754214720372,0.016922418722123397,0.0028114563465204663,0.013408041052932971,0.00940425135596535,0.3231693629104628,0.5168569274647912
IID,0.15911083244985183,0.014754605035472016,0.002814781885345714,0.008826233294952723,0.00858869938246227,0.3114070773978877,0.4944977705540275
JEA,0.15326615707221955,0.009766621235942562,0.002781283399042956,0.010109508275905224,0.006277987285575733,0.3207487969594004,0.4970496457719135
PGE,0.16629269721963555,0.00720689407416958,0.0031310091323166075,0.006500169399098371,0.0044509692866855225,0.31429594197644084,0.4981223189116535
PJM,0.0895659890140277,0.007638110585976199,0.003065118236081374,0.007871765707843486,0.007358522603216924,0.40216772733181605,0.48233276652103807
PNM,0.12943207613186866,0.013018730916569512,0.0030673578210602807,0.008422051229512329,0.00837427291139026,0.3310674905598751,0.5066180204297239
