,none,_weather-gfs,_weather-plus,_weather-exact
EW,2.3151337137774766,2.1645671237868216,1.9026781840973221,2.1624744854122273
FTO-Grouped,1.304423837417875,1.183600618184043,1.1623044900010422,1.199048364306017
FTO-PerUnit,1.382869576581954,1.2102814915541698,1.1974553312066547,1.262651437747142
GDMA,1.1000661958955442,1.055226875736736,1.0430545895303218,1.0502759659835454
GDMA-fair,,1.0538750851095542,1.067748799341651,1.0604288984425325
GDMA-soft,1.0766664490922029,1.0688795390032437,1.030919407719132,1.0526217207704576
KMeans2S,1.0989566774454225,1.0328581036661837,1.0660342732117374,1.1077632757827023
Official,1.0,1.0,1.0,1.0
PerUnit,1.0841684221623287,1.086283397887403,1.0403284031903899,1.1044896769242527
Pooled,1.1331175932347957,1.0858720674304472,1.080923547417764,1.0923056256924555
Select,1.2336803528528246,1.1102822953347007,1.0942527671720712,1.1097576702641432
Shrink,1.082750518339524,1.0705655663583151,1.0397669197505943,1.0865396717121343
