,Uri,Uri (no shed),Elliott,Elliott (no shed),Uri,Uri (no shed),Elliott,Elliott (no shed),Uri,Uri (no shed),Elliott,Elliott (no shed),Uri,Uri (no shed),Elliott,Elliott (no shed)
,none,none,none,none,_weather-gfs,_weather-gfs,_weather-gfs,_weather-gfs,_weather-plus,_weather-plus,_weather-plus,_weather-plus,_weather-exact,_weather-exact,_weather-exact,_weather-exact
EW,1.3013019077603256,1.3975704543089422,3.210848590850845,3.061180957954922,1.2264737294306352,1.3097625247014018,2.941793090632491,2.808711410510775,1.1060395256640527,1.1653230391505556,2.5047643247162577,2.3934383045479555,1.2299978195008092,1.312215873957097,2.943919697101947,2.8092175206135304
FTO-Grouped,0.9720065301518879,0.9709441228188809,1.394792412422594,1.4062412362326036,0.9074231079470296,0.9078129139111839,1.1702755682598418,1.1580458384564505,0.9433112765263957,0.9395711452564951,1.1714986714051054,1.1517315933778196,0.9055836492436775,0.8891866502891514,1.198062952971035,1.181797834450631
FTO-PerUnit,1.0031723527171141,1.0118151550963754,1.3953313313581606,1.3814006764697535,0.9822433268466483,0.9892688879057201,1.283749029214972,1.2660736375917683,0.9857731014593062,0.9935654187510741,1.272455375847494,1.2546235239404029,0.9603902702664489,0.9627918021017091,1.2502767502856704,1.2273748934715025
GDMA,0.8704190824660765,0.8660738666484948,1.2502564381041705,1.2330253822378892,0.8669741161986344,0.8558097433202324,1.2155537366708085,1.2145477025173297,0.872994322599459,0.8552794932072144,1.070842564677535,1.056374587880668,0.8929708968980251,0.894048753731064,1.1210501985818708,1.10059144909592
GDMA-fair,0.9074196488948433,0.9014410454975162,1.1760046179879744,1.1638444248000945,0.8904374644783758,0.8859589927392743,1.084047062592202,1.0725312285865816,0.9034831110532443,0.895161571171087,1.111592722895557,1.1026267076093215,0.8842751492805736,0.8827611808879005,1.0913024862450729,1.0779544621906951
GDMA-soft,0.8715527911607984,0.8670356974887835,1.2004260013658727,1.186523487864744,0.8708697020542423,0.8642440197473018,1.1467700452273113,1.1355022111096125,0.8860040466851824,0.8739024564152589,1.095197107843835,1.0842286068900795,0.8878665519521783,0.8872591949901472,1.1112465150874042,1.095311767868186
KMeans2S,0.909772821079271,0.898502970985267,1.1966392287159175,1.1898691178373058,0.8776044287779567,0.8677319744823533,1.1425104819964462,1.1383689008048314,0.9020525513131086,0.8999526541240817,1.1276323385917018,1.1233008660568737,0.9097476303300072,0.9048204900292884,1.1049024796211198,1.0941353559592681
NeuralGate,0.8958257350648022,0.9013262453816563,1.3628208590880686,1.3462348382230462,0.8979820197805022,0.9034667062455063,1.3989429299041651,1.3873264319276661,,,,,,,,
Official,1.0,1.0,1.0,1.0,1.0,1.0,1.0,1.0,1.0,1.0,1.0,1.0,1.0,1.0,1.0,1.0
PerUnit,0.89597495529929,0.8962212367396946,1.1685367591257625,1.1555278305425962,0.89597137870028,0.8959029113902657,1.12660645226269,1.1118869010426522,0.9232543675294385,0.9150459146427521,1.137721654438338,1.1278925252079703,0.8960304596052264,0.8964574085139884,1.115965844175041,1.101297018954408
Pooled,0.9082324415067803,0.9008232763537091,1.2989407174754533,1.2683167119165835,0.8728202990349178,0.8692847431892707,1.1768617993214332,1.1528317286957999,0.8719639434410738,0.8680378243733856,1.1692733666556563,1.1425133435485393,0.889030764056653,0.8789389148664714,1.1588999659769854,1.1317230222042105
QR,1.0313905599642836,1.0055285720364102,1.3608166554244998,1.3417420302705279,1.027595859763079,1.0027404011413652,1.3535712814967122,1.3363340187001844,1.0280127266410601,1.0032456096155393,1.3666623790628003,1.3505787173922874,1.0377857140913131,1.0178838366334713,1.3452961454752215,1.3253105585519813
Select,0.958266425006073,0.9587064921931302,1.239435549782956,1.2089311549020954,0.9633382562831472,0.9649767998818044,1.1444608816086401,1.1088869003159745,0.9349821336442304,0.9294927497986907,1.1363468749301717,1.10033978174785,0.9192866002558447,0.9293897355313349,1.131403468298183,1.09513250446939
Shrink,0.89597495529929,0.8962212367396946,1.1979270781174995,1.1825250978918556,0.89597137870028,0.8959029113902657,1.1360691333344488,1.1204105451609507,0.9232543675294385,0.9150459146427521,1.137721654438338,1.1278925252079703,0.8960304596052264,0.8964574085139884,1.121167057400278,1.1046805969879685
