,"World, cold","World, hot","U.S., cold","U.S., hot"
Official,1.0,1.0,1.0,1.0
EW,1.239379724204397,0.9753763293277565,1.6196525984544183,1.0660491809305215
Select,0.9516402458344551,0.8794498739443083,0.9621433150326879,0.8099132820548379
Pooled,0.90338155535342,0.8268550505662254,0.9747430186651502,0.7756759970475414
PerUnit,0.9013145998264989,0.8222456992290786,0.9225451420792004,0.7539278145711789
Shrink,0.8894061978032539,0.8174197489762818,0.9124246932144024,0.7508875842032309
KMeans2S,0.8755723570424642,0.8266195503566546,0.9134908537846635,0.7676504017975887
FTO-PerUnit,1.0479588616487918,0.9098745451404306,1.1059651936152928,0.8198106436601196
FTO-Grouped,0.9541271537073805,0.8850792638657653,1.0121261437723665,0.8082473998266776
GDMA,0.877030749124799,0.8175747352146685,0.9052274288870468,0.7476266686241081
GDMA-soft,0.8793921495990376,0.8143987415210483,0.8980304994298735,0.746993743494871
GDMA-fair,0.8840755564557752,0.815138594313116,0.9037849095117777,0.7516674039447231
QR,1.1381034419236926,0.9709886649292997,1.1436673687263914,0.8639434915258832
