code,continent,share,first,last
US-SCL,North America,0.8856157944218114,2019-01-01,2026-09-26
US-TAL,North America,0.8762535255405829,2019-01-01,2026-09-26
US-TEC,North America,0.8840488874960827,2019-01-01,2026-09-26
US-TVA,North America,0.8839705421497963,2019-01-01,2026-09-26
US-AECI,North America,0.8855113339600961,2019-01-01,2026-09-26
US-AZPS,North America,0.8851979525749504,2019-01-01,2026-09-26
US-BANC,North America,0.8851587799018071,2019-01-01,2026-09-26
US-BPAT,North America,0.8850673769978064,2019-01-01,2026-09-26
US-CHPD,North America,0.8848845711898047,2019-01-01,2026-09-26
US-CISO,North America,0.8856157944218114,2019-01-01,2026-09-26
US-CPLE,North America,0.8848192834012326,2019-01-01,2026-09-26
US-CPLW,North America,0.8850282043246631,2019-01-01,2026-09-26
US-DOPD,North America,0.8685756816045127,2019-01-01,2026-09-26
US-ERCO,North America,0.8856157944218114,2019-01-01,2026-09-26
US-FMPP,North America,0.8844275566698004,2019-01-01,2026-09-26
US-GCPD,North America,0.8856157944218114,2019-01-01,2026-09-26
US-IPCO,North America,0.8856157944218114,2019-01-01,2026-09-26
US-ISNE,North America,0.8856157944218114,2019-01-01,2026-09-26
US-LDWP,North America,0.8818421602423483,2019-01-01,2026-09-26
US-LGEE,North America,0.8835657578606497,2019-01-01,2026-09-26
US-MISO,North America,0.8853415857098088,2019-01-01,2026-09-26
US-NEVP,North America,0.8854460461715241,2019-01-01,2026-09-26
US-NWMT,North America,0.8841794630732268,2019-01-03,2026-09-26
US-NYIS,North America,0.8855766217486681,2019-01-01,2026-09-26
US-PACE,North America,0.8856157944218114,2019-01-01,2026-09-26
US-PACW,North America,0.8856157944218114,2019-01-01,2026-09-26
US-PSCO,North America,0.8832001462446464,2019-01-01,2026-09-26
US-SCEG,North America,0.8812676277029144,2019-01-01,2026-09-26
US-SOCO,North America,0.8853285281520944,2019-01-01,2026-09-26
US-SWPP,North America,0.8853415857098088,2019-01-01,2026-09-26
US-TEPC,North America,0.872936905881124,2019-01-01,2026-09-26
US-TIDC,North America,0.8820510811657788,2019-01-01,2026-09-26
US-TPWR,North America,0.8854721612869529,2019-01-01,2026-09-26
US-WALC,North America,0.8838399665726523,2019-01-01,2026-09-26
US-SC,North America,0.8835135276297921,2019-01-01,2026-09-26
US-AVA,North America,0.8852893554789513,2019-01-01,2026-09-26
US-DUK,North America,0.8853546432675232,2019-01-01,2026-09-26
US-EPE,North America,0.8856157944218114,2019-01-01,2026-09-26
US-FPL,North America,0.8766452522720151,2019-01-01,2026-09-26
US-GVL,North America,0.8716703227828267,2019-01-01,2026-09-26
US-HST,North America,0.8852110101326648,2019-01-01,2026-09-26
US-IID,North America,0.8786822312754622,2019-01-01,2026-09-26
US-JEA,North America,0.88202496605035,2019-01-01,2026-09-26
US-PGE,North America,0.8816985271074899,2019-01-01,2026-09-26
US-PJM,North America,0.8843100386503708,2019-01-01,2026-09-26
US-PNM,North America,0.8850282043246631,2019-01-01,2026-09-26
EU-AT,Europe,1.0,2018-01-01,2026-09-26
EU-BE,Europe,1.0,2018-01-01,2026-09-26
EU-BG,Europe,1.0,2018-01-01,2026-09-26
EU-CH,Europe,1.0,2018-01-01,2026-09-26
EU-CZ,Europe,1.0,2018-01-01,2026-09-26
EU-DE,Europe,1.0,2018-01-01,2026-09-26
EU-DK,Europe,0.9999477697691423,2018-01-01,2026-09-26
EU-EE,Europe,0.9997519064034263,2018-01-01,2026-09-26
EU-ES,Europe,0.999582158153139,2018-01-01,2026-09-26
EU-FI,Europe,1.0,2018-01-01,2026-09-26
EU-FR,Europe,0.9998955395382848,2018-01-01,2026-09-26
EU-GR,Europe,1.0,2018-01-01,2026-09-26
EU-HR,Europe,1.0,2018-01-01,2026-09-26
EU-HU,Europe,1.0,2018-01-01,2026-09-26
EU-IE,Europe,0.9936670845085135,2018-01-01,2026-09-26
EU-IT,Europe,1.0,2018-01-01,2026-09-26
EU-LT,Europe,1.0,2018-01-01,2026-09-26
EU-LU,Europe,0.9983939204011282,2018-01-01,2026-09-26
EU-LV,Europe,1.0,2018-01-01,2026-09-26
EU-NL,Europe,1.0,2018-01-01,2026-09-26
EU-NO,Europe,1.0,2018-01-01,2026-09-26
EU-PL,Europe,1.0,2018-01-01,2026-09-26
EU-PT,Europe,0.9999216546537135,2018-01-01,2026-09-26
EU-RO,Europe,0.9999738848845712,2018-01-01,2026-09-26
EU-RS,Europe,1.0,2018-01-01,2026-09-26
EU-SE,Europe,1.0,2018-01-01,2026-09-26
EU-SI,Europe,0.9999608273268568,2018-01-01,2026-09-26
EU-SK,Europe,0.9999738848845712,2018-01-01,2026-09-26
EU-UK,Europe,0.7927635015146767,2018-01-01,2025-10-23
EU-BA,Europe,0.9918390264284969,2018-01-01,2026-09-26
EU-ME,Europe,0.9924527316410738,2018-01-01,2026-09-26
EU-MK,Europe,0.9508644103206936,2018-01-01,2026-09-26
EU-MD,Europe,0.7493079494411365,2020-01-10,2026-09-14
AU-NSW,Oceania,0.9917215084090671,2018-01-01,2026-08-31
AU-QLD,Oceania,0.9917215084090671,2018-01-01,2026-08-31
AU-VIC,Oceania,0.9917215084090671,2018-01-01,2026-08-31
AU-SA,Oceania,0.9845790243392876,2018-01-01,2026-08-31
AU-TAS,Oceania,0.9917215084090671,2018-01-01,2026-08-31
CN-01,Asia,0.11427974511647342,2018-01-01,2018-12-31
CN-02,Asia,0.11427974511647342,2018-01-01,2018-12-31
CN-03,Asia,0.11427974511647342,2018-01-01,2018-12-31
CN-04,Asia,0.11427974511647342,2018-01-01,2018-12-31
CN-05,Asia,0.11427974511647342,2018-01-01,2018-12-31
CN-06,Asia,0.11427974511647342,2018-01-01,2018-12-31
CN-07,Asia,0.11427974511647342,2018-01-01,2018-12-31
CN-08,Asia,0.11427974511647342,2018-01-01,2018-12-31
CN-09,Asia,0.11427974511647342,2018-01-01,2018-12-31
CN-10,Asia,0.11427974511647342,2018-01-01,2018-12-31
CN-11,Asia,0.11427974511647342,2018-01-01,2018-12-31
CN-12,Asia,0.11427974511647342,2018-01-01,2018-12-31
CN-13,Asia,0.11427974511647342,2018-01-01,2018-12-31
CN-14,Asia,0.11427974511647342,2018-01-01,2018-12-31
CN-15,Asia,0.11427974511647342,2018-01-01,2018-12-31
CN-16,Asia,0.11427974511647342,2018-01-01,2018-12-31
CN-17,Asia,0.11427974511647342,2018-01-01,2018-12-31
CN-18,Asia,0.11427974511647342,2018-01-01,2018-12-31
CN-19,Asia,0.11427974511647342,2018-01-01,2018-12-31
CN-20,Asia,0.11427974511647342,2018-01-01,2018-12-31
CN-21,Asia,0.11427974511647342,2018-01-01,2018-12-31
CN-22,Asia,0.11427974511647342,2018-01-01,2018-12-31
CN-23,Asia,0.11427974511647342,2018-01-01,2018-12-31
CN-24,Asia,0.11427974511647342,2018-01-01,2018-12-31
CN-25,Asia,0.11427974511647342,2018-01-01,2018-12-31
CN-26,Asia,0.11427974511647342,2018-01-01,2018-12-31
CN-27,Asia,0.11427974511647342,2018-01-01,2018-12-31
CN-28,Asia,0.11427974511647342,2018-01-01,2018-12-31
CN-29,Asia,0.11427974511647342,2018-01-01,2018-12-31
CN-30,Asia,0.11427974511647342,2018-01-01,2018-12-31
CN-31,Asia,0.11427974511647342,2018-01-01,2018-12-31
TW-N,Asia,0.49503812806852604,2018-01-01,2022-07-01
TW-C,Asia,0.49503812806852604,2018-01-01,2022-07-01
TW-S,Asia,0.49503812806852604,2018-01-01,2022-07-01
TW-E,Asia,0.49503812806852604,2018-01-01,2022-07-01
TH-N,Asia,0.22939517392666875,2022-12-31,2025-01-01
TH-S,Asia,0.22939517392666875,2022-12-31,2025-01-01
TH-BKK,Asia,0.22939517392666875,2022-12-31,2025-01-01
TH-C,Asia,0.22939517392666875,2022-12-31,2025-01-01
TH-NE,Asia,0.22939517392666875,2022-12-31,2025-01-01
DZ,Africa,0.23878355792332603,2018-01-01,2020-02-01
