code,iso3,gdp_pc_ppp,income_group,us_state_pcpi
US-SCL,USA,86169.6641581914,High income,85512.0
US-TAL,USA,86169.6641581914,High income,73340.0
US-TEC,USA,86169.6641581914,High income,73340.0
US-TVA,USA,86169.6641581914,High income,63099.55
US-AECI,USA,86169.6641581914,High income,64940.0
US-AZPS,USA,86169.6641581914,High income,66024.0
US-BANC,USA,86169.6641581914,High income,86378.0
US-BPAT,USA,86169.6641581914,High income,77366.6
US-CHPD,USA,86169.6641581914,High income,85512.0
US-CISO,USA,86169.6641581914,High income,86378.0
US-CPLE,USA,86169.6641581914,High income,64855.649999999994
US-CPLW,USA,86169.6641581914,High income,65598.0
US-DOPD,USA,86169.6641581914,High income,85512.0
US-ERCO,USA,86169.6641581914,High income,69762.0
US-FMPP,USA,86169.6641581914,High income,73340.0
US-GCPD,USA,86169.6641581914,High income,85512.0
US-IPCO,USA,86169.6641581914,High income,62775.7
US-ISNE,USA,86169.6641581914,High income,88175.25999999998
US-LDWP,USA,86169.6641581914,High income,86378.0
US-LGEE,USA,86169.6641581914,High income,58310.0
US-MISO,USA,86169.6641581914,High income,66927.58
US-NEVP,USA,86169.6641581914,High income,70104.0
US-NWMT,USA,86169.6641581914,High income,69220.0
US-NYIS,USA,86169.6641581914,High income,84978.0
US-PACE,USA,86169.6641581914,High income,70697.90000000002
US-PACW,USA,86169.6641581914,High income,73941.0
US-PSCO,USA,86169.6641581914,High income,82625.0
US-SCEG,USA,86169.6641581914,High income,60649.0
US-SOCO,USA,86169.6641581914,High income,60360.25
US-SWPP,USA,86169.6641581914,High income,65706.66
US-TEPC,USA,86169.6641581914,High income,66024.0
US-TIDC,USA,86169.6641581914,High income,86378.0
US-TPWR,USA,86169.6641581914,High income,85512.0
US-WALC,USA,86169.6641581914,High income,68467.40000000001
US-SC,USA,86169.6641581914,High income,60649.0
US-AVA,USA,86169.6641581914,High income,80878.8
US-DUK,USA,86169.6641581914,High income,63865.850000000006
US-EPE,USA,86169.6641581914,High income,67478.6
US-FPL,USA,86169.6641581914,High income,73340.0
US-GVL,USA,86169.6641581914,High income,73340.0
US-HST,USA,86169.6641581914,High income,73340.0
US-IID,USA,86169.6641581914,High income,86378.0
US-JEA,USA,86169.6641581914,High income,73340.0
US-PGE,USA,86169.6641581914,High income,70940.0
US-PJM,USA,86169.6641581914,High income,73708.74999999999
US-PNM,USA,86169.6641581914,High income,58345.0
EU-AT,AUT,75774.4136543206,High income,
EU-BE,BEL,74224.5510568017,High income,
EU-BG,BGR,41969.595471884,High income,
EU-CH,CHE,97467.7447151829,High income,
EU-CZ,CZE,57625.0961715706,High income,
EU-DE,DEU,73957.0012170966,High income,
EU-DK,DNK,80937.8001363997,High income,
EU-EE,EST,50395.7686402966,High income,
EU-ES,ESP,58063.7350840487,High income,
EU-FI,FIN,65137.1816928289,High income,
EU-FR,FRA,62524.5434134804,High income,
EU-GR,GRC,44170.9556658376,High income,
EU-HR,HRV,49550.8073348367,High income,
EU-HU,HUN,48540.1614792293,High income,
EU-IE,IRL,140779.203379453,High income,
EU-IT,ITA,62292.9012423008,High income,
EU-LT,LTU,55699.3734421294,High income,
EU-LU,LUX,156079.3685607,High income,
EU-LV,LVA,43873.3777849582,High income,
EU-NL,NLD,85218.3689343246,High income,
EU-NO,NOR,105657.0339185,High income,
EU-PL,POL,51262.5105756884,High income,
EU-PT,PRT,52512.5651003677,High income,
EU-RO,ROU,49076.7137157187,High income,
EU-RS,SRB,32832.274492238,Upper middle income,
EU-SE,SWE,71221.9379308266,High income,
EU-SI,SVN,57570.5904042272,High income,
EU-SK,SVK,47846.6169154961,High income,
EU-UK,GBR,62839.4679324927,High income,
EU-BA,BIH,25148.0128390147,Upper middle income,
EU-ME,MNE,34062.8241865953,Upper middle income,
EU-MK,MKD,26995.5213483235,Upper middle income,
EU-MD,MDA,18661.6606470212,Upper middle income,
AU-NSW,AUS,72117.8826659555,High income,
AU-QLD,AUS,72117.8826659555,High income,
AU-VIC,AUS,72117.8826659555,High income,
AU-SA,AUS,72117.8826659555,High income,
AU-TAS,AUS,72117.8826659555,High income,
CN-01,CHN,27139.5181633767,Upper middle income,
CN-02,CHN,27139.5181633767,Upper middle income,
CN-03,CHN,27139.5181633767,Upper middle income,
CN-04,CHN,27139.5181633767,Upper middle income,
CN-05,CHN,27139.5181633767,Upper middle income,
CN-06,CHN,27139.5181633767,Upper middle income,
CN-07,CHN,27139.5181633767,Upper middle income,
CN-08,CHN,27139.5181633767,Upper middle income,
CN-09,CHN,27139.5181633767,Upper middle income,
CN-10,CHN,27139.5181633767,Upper middle income,
CN-11,CHN,27139.5181633767,Upper middle income,
CN-12,CHN,27139.5181633767,Upper middle income,
CN-13,CHN,27139.5181633767,Upper middle income,
CN-14,CHN,27139.5181633767,Upper middle income,
CN-15,CHN,27139.5181633767,Upper middle income,
CN-16,CHN,27139.5181633767,Upper middle income,
CN-17,CHN,27139.5181633767,Upper middle income,
CN-18,CHN,27139.5181633767,Upper middle income,
CN-19,CHN,27139.5181633767,Upper middle income,
CN-20,CHN,27139.5181633767,Upper middle income,
CN-21,CHN,27139.5181633767,Upper middle income,
CN-22,CHN,27139.5181633767,Upper middle income,
CN-23,CHN,27139.5181633767,Upper middle income,
CN-24,CHN,27139.5181633767,Upper middle income,
CN-25,CHN,27139.5181633767,Upper middle income,
CN-26,CHN,27139.5181633767,Upper middle income,
CN-27,CHN,27139.5181633767,Upper middle income,
CN-28,CHN,27139.5181633767,Upper middle income,
CN-29,CHN,27139.5181633767,Upper middle income,
CN-30,CHN,27139.5181633767,Upper middle income,
CN-31,CHN,27139.5181633767,Upper middle income,
TW-N,TWN,80390.306,High income,
TW-C,TWN,80390.306,High income,
TW-S,TWN,80390.306,High income,
TW-E,TWN,80390.306,High income,
TH-N,THA,24909.2266037939,Upper middle income,
TH-S,THA,24909.2266037939,Upper middle income,
TH-BKK,THA,24909.2266037939,Upper middle income,
TH-C,THA,24909.2266037939,Upper middle income,
TH-NE,THA,24909.2266037939,Upper middle income,
DZ,DZA,17646.332598878,Upper middle income,
