design,N,T,EW,Pooled,PerUnit,Shrink,KMeans2S,GDMA,GDMA-soft,Oracle,G_hat,ARI,ARI_km
continuous,50,48,1.205864339847947,1.1482394115839183,1.0912075527928016,1.0747002752633845,1.090020484049929,1.0968069100731794,1.0687475175013803,1.0,2.26,,
continuous,50,168,1.2055098156510409,1.1484675352298275,1.0347070770240534,1.0362813339161745,1.0511026763112874,1.05076504365029,1.0302230707079476,1.0,4.44,,
continuous,50,672,1.2028791443152855,1.1448265001284914,1.0135633911580129,1.0135633911580129,1.0352372134570544,1.0348513288725547,1.013627975620059,1.0,5.26,,
continuous,200,48,1.2015504648295832,1.1460719091065064,1.0940573767386303,1.0753115269095836,1.0897955682620453,1.0848883151121957,1.0617527781128968,1.0,2.54,,
continuous,200,168,1.2049402937380937,1.149139440119312,1.0347345084094106,1.0381658285079993,1.0502381301201487,1.0501890057028802,1.030122940198761,1.0,4.7,,
continuous,200,672,1.2058861967366874,1.1497009123866955,1.0134687873539678,1.0134687873539678,1.0395084459529087,1.036327592333805,1.0135099240684944,1.0,5.98,,
grouped,50,48,1.4962575083898,1.4144732894570955,1.0840445129416567,1.089514542364531,1.0545136839255995,1.0527065489366607,1.0413352130841618,1.0,2.98,0.8973721888370764,0.7520428697172982
grouped,50,168,1.4914782246218876,1.4098930028999876,1.032729009697966,1.032729009697966,1.0313287291232165,1.030577967016199,1.0231440191637553,1.0,3.78,0.8762042389356323,0.7904386579293466
grouped,50,672,1.481142603091316,1.3980849239769688,1.0125270757700178,1.0125270757700178,1.019377219273375,1.0176928183560274,1.0115087158404592,1.0,5.28,0.6754570139333741,0.6718134288678695
grouped,200,48,1.4913491802355303,1.4176462444213243,1.0858651002898072,1.0892957339163158,1.0489243360373819,1.040134441816364,1.0347911168903385,1.0,3.06,0.938261238746622,0.7852860196959297
grouped,200,168,1.492077522735149,1.4185017936020767,1.0317298558917747,1.0317298558917747,1.0277785065843725,1.0244477276181083,1.0195381271681112,1.0,4.6,0.775810508065128,0.7299379257455726
grouped,200,672,1.4911429983734943,1.415828680163236,1.0120888944991555,1.0120888944991555,1.0209658606563312,1.0170416119341106,1.010770212865116,1.0,5.92,0.6064422142690771,0.664239070740966
homogeneous,50,48,1.321380415178998,1.0270274189736197,1.0967955115068684,1.0274564683547176,1.0324407388364352,1.0270274189736197,1.027011685007803,1.0,1.0,,
homogeneous,50,168,1.321629828009094,1.0247454387855113,1.03636311813064,1.020346175110532,1.026429496971162,1.0242680947792808,1.0204267363816566,1.0,1.2,,
homogeneous,50,672,1.3218546925853958,1.0248640353231142,1.0146845090294905,1.013395101669032,1.0171295978063746,1.0161700450543965,1.0122962685158583,1.0,2.42,,
homogeneous,200,48,1.3206336449098504,1.0259650430445615,1.0937778308655557,1.0254385430296253,1.026604984829159,1.0259650430445615,1.0257121464131913,1.0,1.0,,
homogeneous,200,168,1.3196694060250942,1.0250717748838674,1.0380095939631024,1.0201588070961782,1.0256026756257226,1.0244253003618535,1.0201833346381903,1.0,1.22,,
homogeneous,200,672,1.3207836683267358,1.0251416835635674,1.0142149085863168,1.012913609281226,1.017418333981688,1.0151651924985492,1.0115789952232954,1.0,2.88,,
