budget_gw,policy,value_musd,value_under_soft_musd,system_cost_musd,gw_North America,gw_Europe,gw_Oceania,gw_Asia,gw_Africa
1,Official,64.61511552754428,39.575282716208875,9528.638476173279,0.8897126032609252,0.08828867889756155,0.0,0.021998717841513346,0.0
1,EW,36.14036202537781,43.9141873863978,11625.155656677238,0.0,0.30100516557117335,0.19814275127700684,0.5008520831518196,0.0
1,Pooled,46.53493479981133,45.91512905745885,8194.806637124779,0.09916656162755512,0.19104363310714498,0.04938513380318628,0.6604046714621136,0.0
1,PerUnit,46.19159601735288,44.62681447308838,8139.437208278238,0.44190874445571693,0.2260928158032494,0.09368706075617488,0.23831137898485882,0.0
1,FTO-PerUnit,59.69431252149027,40.4058532460839,8237.741967153795,0.90658142520858,0.08828867889756155,0.003254947681887631,0.0018749482119709761,0.0
1,GDMA,47.13362579728523,46.494868290326636,7986.423581736163,0.21161524877272625,0.23510925888237472,0.07785917935871801,0.475416312986181,0.0
1,GDMA-soft,46.586260240073045,46.586260240073045,7950.171945960043,0.1991275954878261,0.22431143074927154,0.0750674279023565,0.5014935458605458,0.0
1,GDMA-fair,45.39176086044576,46.470393670174985,7917.872148964478,0.17331196717956612,0.23818986200727676,0.08996891684876113,0.49852925396439596,0.0
5,Official,252.9950166108862,182.29587427055105,9340.258575089936,2.7421188373875762,0.839992416702028,0.08996891684876113,1.3103729512260565,0.017546877835579813
5,EW,140.74522029599362,185.19079846787736,11520.550798406623,0.37715633418472155,1.0932394119005622,0.72932642492021,2.7651840733233466,0.035093755671159625
5,Pooled,191.87745285329308,193.35290663509446,8049.464119071297,0.6541862876157876,1.1876134295474141,0.354435173188916,2.7686713539767234,0.035093755671159625
5,PerUnit,196.32214692596673,194.39658816741036,7989.306657369624,1.7036753834942941,1.273945914499455,0.34323548893638023,1.6615963352342926,0.017546877835579813
5,FTO-PerUnit,244.81483801085804,185.58138111667014,8052.621441664427,2.6464372548154036,1.1920229231396287,0.17993783369752225,0.9465082326762877,0.035093755671159625
5,GDMA,199.2299192811708,196.86091825971567,7834.327288252277,1.3227293238652733,1.2661518408614265,0.29187090073803984,2.1017010566996843,0.017546877835579813
5,GDMA-soft,197.0269348008756,197.0269348008756,7799.7312713992405,1.372546980385736,1.2912922091380676,0.29187090073803984,2.0091961540669994,0.035093755671159625
5,GDMA-fair,191.29472597410734,196.85153695329788,7771.969183850817,1.431816251979164,1.3166285553887627,0.34323548893638023,1.8732259480245355,0.035093755671159625
10,Official,445.85553112004646,342.9460252326656,9147.398060580776,3.682483307138223,1.9490826261944927,0.35952223120564364,3.973818079790473,0.035093755671159625
10,EW,244.63952959946496,330.890597216133,11416.656489103154,1.349682497180589,2.124315420643975,1.0503382324852033,5.405476338347907,0.07018751134231925
10,Pooled,341.48398030649423,350.38741195577194,7899.857591618097,2.1051219021404517,2.4565427282954926,0.5933168916062007,4.809924722286687,0.035093755671159625
10,PerUnit,351.2750177972453,351.2017270464311,7834.353786498346,2.985712031841437,2.5811566926414384,0.5166272966646208,3.881410223181334,0.035093755671159625
10,FTO-PerUnit,434.3312462220356,343.5655679108101,7863.105033453249,4.177111261484333,2.522662232825807,0.38605825755674006,2.8445250435720073,0.06964320456110273
10,GDMA,357.25181572234044,352.66827679734024,7676.305391811107,2.6638444469068303,2.5860686663333454,0.5036075059370703,4.211385625151581,0.035093755671159625
10,GDMA-soft,352.7412320288447,352.7412320288447,7644.016974171272,2.5025510089203,2.6375937518096704,0.5166272966646208,4.308134186934237,0.035093755671159625
10,GDMA-fair,342.7165339731054,352.223731346607,7620.547375851818,2.754975070634004,2.6569721975931,0.5477705128712311,4.0051884632304935,0.035093755671159625
20,Official,756.4272219907828,582.6235021952629,8836.82636971004,6.378775825851328,4.2238217426457005,0.7349099278329331,8.592304992327717,0.07018751134231925
20,EW,411.1123172029322,578.1841761637302,11250.183701499684,4.422828010991652,4.6249753180091835,1.463282649039046,9.383632754946637,0.10528126701347888
20,Pooled,573.7128946198355,591.0733513727657,7667.628677304755,4.502147496770287,5.005602231546308,1.1099441882708216,9.31211857207028,0.07018751134231925
20,PerUnit,596.3616797917277,592.8397439511368,7589.267124503863,5.9059142068253685,4.956644040982662,0.9587760619139682,8.108478178935705,0.07018751134231925
20,FTO-PerUnit,730.5051509700293,587.5911816605175,7566.931128705255,6.888726754862248,5.182016335132661,0.746076933658379,7.112992465004403,0.07018751134231925
20,GDMA,602.4922344266205,594.401579698795,7431.064973106828,5.186641913728592,5.3506341500965195,0.9587760619139682,8.433760362918614,0.07018751134231925
20,GDMA-soft,594.439281364124,594.439281364124,7402.318924835992,5.173968740195687,5.237973456761517,1.0072150118741405,8.510655279826356,0.07018751134231925
20,GDMA-fair,577.4188348781544,593.5219748756318,7385.845074946767,5.388431400149076,5.61109773769778,1.0072150118741405,7.923068338936695,0.07018751134231925
