code,continent,mean_mw,years,tau,mw_status_quo,mw_soft,mv1_status_quo,mv1_soft
US-SCL,North America,1076.0590248269893,7.734246575342466,0.815,0.0,0.0,37309.91998629894,32733.60274204961
US-TAL,North America,322.29485823134047,7.633219178082192,0.880625,0.0,0.0,53315.699426412255,43413.86761985133
US-TEC,North America,2529.9126319943853,7.720547945205479,0.903125,0.0,0.0,51649.30609101528,38072.16424831523
US-TVA,North America,18635.873895009245,7.71986301369863,0.9349999999999999,0.0,0.0,49161.36601144886,37247.66033793422
US-AECI,North America,2658.273615371004,7.733333333333333,0.8581249999999999,0.0,0.0,41674.16058429533,34492.668364476194
US-AZPS,North America,3893.231052336559,7.730593607305936,0.8374999999999999,0.0,0.0,51501.581817588536,38030.64741418385
US-BANC,North America,1993.2023249477613,7.730251141552511,0.845,0.0,0.0,42095.16873253152,37471.83140738006
US-BPAT,North America,6631.13676285826,7.72945205479452,0.824375,0.0,0.0,34598.573160025335,32382.985930105275
US-CHPD,North America,218.1656527352043,7.727853881278539,0.7999999999999999,0.0,0.0,37496.09386978895,32896.11937993365
US-CISO,North America,25317.866883404105,7.734246575342466,0.895625,0.0,0.0,62728.56948449295,43851.67960476197
US-CPLE,North America,7044.23625753776,7.727283105022831,0.87125,0.0,0.0,39510.01741740515,33119.38519013296
US-CPLW,North America,563.5769891854409,7.729109589041096,0.8431249999999999,0.0,0.0,37571.48521119937,33858.60485879364
US-DOPD,North America,245.11539732236946,7.58527397260274,0.8018749999999999,0.0,0.0,34080.38696737346,31092.64243268226
US-ERCO,North America,49746.04169615475,7.734246575342466,0.9425,0.0,0.0,52910.71507883926,38417.71394735996
US-FMPP,North America,2134.5249385360935,7.723858447488585,0.9199999999999999,0.0,0.0,55808.666208786584,40284.3789393325
US-GCPD,North America,696.1861730360935,7.734246575342466,0.80375,0.0,0.0,31894.177682766727,28929.671778037704
US-IPCO,North America,2097.379440307617,7.734246575342466,0.83,0.0,0.0,48819.07737799249,38851.25247330195
US-ISNE,North America,13227.29059772352,7.734246575342466,0.921875,0.0,0.0,71610.33763501688,42654.146443671045
US-LDWP,North America,2860.53637542397,7.701255707762557,0.891875,0.0,0.0,52614.28846365924,45242.48339124144
US-LGEE,North America,4165.7153783828635,7.717009132420091,0.918125,0.0,0.0,50823.76853614986,39684.97011902639
US-MISO,North America,74186.70122611646,7.7318493150684935,0.93875,0.0,0.0,46602.96627812243,34865.34273119494
US-NEVP,North America,4522.494089460994,7.732762557077626,0.8787499999999999,0.0,0.0,53130.39413621437,40510.146545206924
US-NWMT,North America,1358.1275371133843,7.708904109589041,0.8112499999999999,0.0,0.0,36363.37509628188,33309.50712151416
US-NYIS,North America,17305.46814304843,7.733904109589041,0.91625,0.0,0.0,44340.82601970981,35074.92753729811
US-PACE,North America,5802.614627565464,7.734246575342466,0.869375,0.0,0.0,46379.310739817025,42391.0312247006
US-PACW,North America,2392.4756723283795,7.734246575342466,0.8524999999999999,0.0,0.0,37641.04206519043,33588.80900654914
US-PSCO,North America,5311.710140241299,7.713127853881279,0.929375,0.0,0.0,64110.52918362171,48115.29372525184
US-SCEG,North America,2813.6488421401787,7.696232876712329,0.92375,0.0,0.0,69392.1054001397,48632.92491228687
US-SOCO,North America,27072.372640475667,7.731735159817352,0.9275,0.0,0.0,62776.58433983475,36141.40467523734
US-SWPP,North America,32258.68759730626,7.7318493150684935,0.9368749999999999,0.0,0.0,39455.617850728886,36426.426712354194
US-TEPC,North America,1590.4319795726608,7.610616438356164,0.8318749999999999,0.0,0.0,41685.8759241911,36444.96923313317
US-TIDC,North America,327.8465803308746,7.703082191780822,0.828125,0.0,0.0,33342.65077148089,31499.587955050993
US-TPWR,North America,540.335425361099,7.732990867579908,0.850625,0.0,0.0,44079.81147305144,38713.96424238197
US-WALC,North America,1044.7461204546844,7.718721461187215,0.813125,0.0,0.0,30402.33576566639,38197.333397641276
US-SC,North America,2901.0392744195324,7.715867579908676,0.8825,0.0,0.0,54267.946921875984,41103.10026053481
US-AVA,North America,1460.090353543309,7.731392694063927,0.83375,0.0,0.0,45051.79649093161,38544.02999422566
US-DUK,North America,12210.474481594007,7.731963470319634,0.9106249999999999,0.0,0.0,46255.190341509966,35612.15939318392
US-EPE,North America,1029.0175896437838,7.734246575342466,0.865625,0.0,0.0,47622.54213354506,40188.633576646374
US-FPL,North America,15869.716888019087,7.655821917808219,0.9312499999999999,0.0,0.0,63738.24291356372,43622.13143063469
US-GVL,North America,239.76407302622383,7.612328767123287,0.861875,0.0,0.0,35543.6877527759,34740.04747651795
US-HST,North America,71.07951712631197,7.730707762557078,0.8225,0.0,0.0,44522.5713877316,36426.42781999778
US-IID,North America,440.6941957007639,7.673630136986302,0.81875,0.0,0.0,39260.6785773822,36564.00192338949
US-JEA,North America,1531.667757148688,7.703538812785388,0.8881249999999999,0.0,0.0,45205.3098652551,38730.60262736044
US-PGE,North America,2522.7184597277737,7.7,0.85625,0.0,0.0,46034.93328310849,38393.02407555245
US-PJM,North America,92501.39642300458,7.722831050228311,0.9406249999999999,0.0,0.0,71899.0296976347,36474.914326842925
US-PNM,North America,1645.0242077249684,7.729109589041096,0.8412499999999999,0.0,0.0,44848.82112337051,38475.80322197957
EU-AT,Europe,6938.517855445083,8.347945205479451,0.835625,0.0,0.0,34659.906828295745,34248.85799606204
EU-BE,Europe,9414.530639909844,8.347945205479451,0.8843749999999999,0.0,0.0,49480.797594306,45144.46130595862
EU-BG,Europe,4270.190448543812,8.347945205479451,0.8899999999999999,0.0,0.0,42881.255550054375,38661.09041584472
EU-CH,Europe,7615.77933314989,8.347945205479451,0.8206249999999999,0.0,0.0,47333.3848982026,47434.535816378964
EU-CZ,Europe,7300.580000700951,8.347945205479451,0.875,0.0,0.0,37020.047933560476,33247.94497546453
EU-DE,Europe,54974.096661503834,8.347945205479451,0.90875,0.0,0.0,42491.32253999467,38713.91296335243
EU-DK,Europe,4055.80733552197,8.347488584474887,0.809375,0.0,0.0,35435.851118960585,35113.98702039169
EU-EE,Europe,927.7570100234132,8.347488584474887,0.816875,0.0,0.0,37955.818318848294,36817.25862205874
EU-ES,Europe,27478.75739359051,8.344292237442922,0.9125,0.0,0.0,45778.86713265882,38038.76165019691
EU-FI,Europe,9415.673269213074,8.347945205479451,0.90125,0.0,0.0,39103.233700418394,39322.878917368675
EU-FR,Europe,50930.532975154994,8.34703196347032,0.9049999999999999,0.0,0.0,39824.58131126678,36780.10982564969
EU-GR,Europe,5714.446629993547,8.347945205479451,0.906875,0.0,0.0,43722.05015100416,39670.63050943644
EU-HR,Europe,2053.15527716732,8.347945205479451,0.875,0.0,0.0,42548.437651770546,38381.313973450895
EU-HU,Europe,4936.591041710787,8.347945205479451,0.8674999999999999,0.0,0.0,40054.41368296866,37323.12680903357
EU-IE,Europe,3606.577231650124,8.2925799086758,0.8937499999999999,0.0,0.0,47510.451176423114,42573.29000739919
EU-IT,Europe,32462.54136634284,8.347945205479451,0.9143749999999999,0.0,0.0,47119.44174304867,37458.548511251036
EU-LT,Europe,1378.1351134390789,8.347945205479451,0.8487499999999999,0.0,0.0,42631.36640998902,39832.16745622968
EU-LU,Europe,551.156158585463,8.334018264840182,0.854375,0.0,0.0,37909.26496034823,34833.748193924956
EU-LV,Europe,809.7780058779189,8.347945205479451,0.8075,0.0,0.0,37533.201491749074,34984.06827307605
EU-NL,Europe,12661.225809717134,8.347945205479451,0.88625,0.0,0.0,45363.752273815524,43380.66797679549
EU-NO,Europe,15429.226910106468,8.347945205479451,0.86,0.0,0.0,39857.026200805856,38543.30413173122
EU-PL,Europe,19048.451540138933,8.347945205479451,0.9256249999999999,0.0,0.0,47177.52916797002,38830.9470715417
EU-PT,Europe,5809.9427315524845,8.347260273972603,0.839375,0.0,0.0,37227.51748448073,34826.33650163968
EU-RO,Europe,6463.239750480388,8.347716894977168,0.8993749999999999,0.0,0.0,43198.36503064671,39823.04428320003
EU-RS,Europe,4090.243463385333,8.347945205479451,0.8731249999999999,0.0,0.0,42722.32238995822,37804.52450716005
EU-SE,Europe,15223.651127662926,8.347945205479451,0.8975,0.0,0.0,48443.828446058615,44119.11874662242
EU-SI,Europe,1519.4804422337668,8.347602739726028,0.8468749999999999,0.0,0.0,43499.977138436356,40627.154267137026
EU-SK,Europe,3124.6927339045205,8.347716894977168,0.876875,0.0,0.0,41018.42103829556,37588.71957177368
EU-UK,Europe,17657.73577951231,6.4865296803652965,0.933125,0.0,0.0,84438.70563172465,75664.72829570418
EU-BA,Europe,1232.24124996082,8.276598173515982,0.8262499999999999,0.0,0.0,45467.12547369701,44184.30683060531
EU-ME,Europe,359.36769953550225,8.281963470319635,0.8056249999999999,0.0,0.0,41753.81902429342,38578.597265508084
EU-MK,Europe,712.5540215911365,7.920662100456621,0.86375,0.0,0.0,43181.10197549811,43006.04096241258
EU-MD,Europe,645.8932471334908,6.514041095890411,0.875,0.0,0.0,46522.72692557478,42743.73162902752
AU-NSW,Oceania,7668.9594941579835,8.275570776255707,0.875,0.0,0.0,43924.342075685454,43954.072561876026
AU-QLD,Oceania,6153.10018987358,8.275570776255707,0.875,0.0,0.0,48337.9548542796,48302.35426498616
AU-VIC,Oceania,4843.894996017245,8.275570776255707,0.875,0.0,0.0,45345.14507361462,43232.000709342916
AU-SA,Oceania,1301.9790727550524,8.213127853881279,0.875,0.0,0.0,46935.149296749165,45785.9897287129
AU-TAS,Oceania,1116.7005825446042,8.275570776255707,0.875,0.0,0.0,44963.137924585826,42725.52599598347
CN-01,Asia,13036.546263811575,0.6045662100456621,0.875,0.0,0.0,37966.695386337415,25680.43932802224
CN-02,Asia,9830.384728691477,0.6045662100456621,0.875,0.0,0.0,38398.71586339819,29099.188097621423
CN-03,Asia,41851.71822378099,0.6045662100456621,0.875,0.0,0.0,41263.21529846487,34567.44793952379
CN-04,Asia,24670.48578271395,0.6045662100456621,0.875,0.0,0.0,41538.9717474187,41613.17054815432
CN-05,Asia,38278.506053973375,0.6045662100456621,0.875,0.0,0.0,32713.40428549527,30677.07908021762
CN-06,Asia,26279.94992349963,0.6045662100456621,0.875,0.0,0.0,41846.41499038918,41836.434565674055
CN-07,Asia,8573.586682084273,0.6045662100456621,0.875,0.0,0.0,37451.241818424074,35718.311971744966
CN-08,Asia,11119.126972763368,0.6045662100456621,0.875,0.0,0.0,39499.62475546423,33705.223010493784
CN-09,Asia,17892.10577392578,0.6045662100456621,0.875,0.0,0.0,35224.24274183747,28839.39830569014
CN-10,Asia,69968.93456674188,0.6045662100456621,0.875,0.0,0.0,37220.55737191993,30767.83716212568
CN-11,Asia,51761.63245387661,0.6045662100456621,0.875,0.0,0.0,44155.08213107063,36723.353470249785
CN-12,Asia,24376.361882908906,0.6045662100456621,0.875,0.0,0.0,46577.825415514264,45576.20611351616
CN-13,Asia,26422.673502418198,0.6045662100456621,0.875,0.0,0.0,44504.61443173986,34885.03174054822
CN-14,Asia,16316.953618581378,0.6045662100456621,0.875,0.0,0.0,53282.63831788105,46459.10637952907
CN-15,Asia,67552.905569352,0.6045662100456621,0.875,0.0,0.0,41771.857481249914,35950.07008857464
CN-16,Asia,39024.56183251864,0.6045662100456621,0.875,0.0,0.0,53772.52575185348,42474.46751246227
CN-17,Asia,23646.183262464114,0.6045662100456621,0.875,0.0,0.0,53647.84834957478,45476.545901911915
CN-18,Asia,19924.44209058019,0.6045662100456621,0.875,0.0,0.0,51690.95107027078,47788.92088770977
CN-19,Asia,72206.04032939792,0.6045662100456621,0.875,0.0,0.0,37773.07462153611,37170.830779767544
CN-20,Asia,19445.15792104662,0.6045662100456621,0.875,0.0,0.0,34767.87884542249,39053.126088203644
CN-21,Asia,3734.076810094077,0.6045662100456621,0.875,0.0,0.0,50657.41196042845,43765.46339711036
CN-22,Asia,12777.751067947862,0.6045662100456621,0.875,0.0,0.0,41939.23691939785,38447.99055005364
CN-23,Asia,28077.115664187473,0.6045662100456621,0.875,0.0,0.0,53000.82627924574,48155.91736657803
CN-24,Asia,16919.52472660267,0.6045662100456621,0.875,0.0,0.0,42322.19796609397,38716.82237015098
CN-25,Asia,19169.590524509575,0.6045662100456621,0.875,0.0,0.0,41004.7465579459,37989.17330766699
CN-26,Asia,787.7792007962354,0.6045662100456621,0.875,0.0,0.0,41927.087966020415,39817.1040943586
CN-27,Asia,18198.298179389352,0.6045662100456621,0.875,0.0,0.0,50257.94827640283,43884.651145477124
CN-28,Asia,14727.062564159442,0.6045662100456621,0.875,0.0,0.0,37741.59259838144,38564.80442955771
CN-29,Asia,8424.497494211144,0.6045662100456621,0.875,0.0,0.0,55815.49329590634,46540.69511693736
CN-30,Asia,12160.088186985831,0.6045662100456621,0.875,0.0,0.0,41144.965847123196,32762.074941669867
CN-31,Asia,30662.621010510098,0.6045662100456621,0.875,0.0,0.0,38802.930808183635,32312.570988455933
TW-N,Asia,9496.062575073629,3.9269406392694064,0.9462499999999999,0.0,0.0,47992.23433081698,31834.07528393502
TW-C,Asia,7846.221159439747,3.9269406392694064,0.948125,0.0,0.0,53522.21996154406,37472.89706595883
TW-S,Asia,9081.895078853455,3.9269406392694064,0.944375,0.0,0.0,46988.19261232509,36377.273519644245
TW-E,Asia,374.98964239419524,3.9269406392694064,0.95,0.0,0.0,58458.46636130901,48541.85587129949
TH-N,Asia,2322.527976287953,1.9909817351598174,0.875,0.0,0.0,45992.72301555491,39817.84678769352
TH-S,Asia,2179.2001704926483,1.9909817351598174,0.875,0.0,0.0,38453.37526482209,35257.00874881462
TH-BKK,Asia,7473.964702599253,1.9909817351598174,0.875,0.0,0.0,36142.73499971798,28969.445862696684
TH-C,Asia,9120.644461918399,1.9909817351598174,0.875,0.0,0.0,40031.61640434796,36248.51712593134
TH-NE,Asia,2873.3400836659694,1.9909817351598174,0.875,0.0,0.0,42525.59501396631,37700.598608014705
DZ,Africa,7018.751134231926,1.6930365296803653,0.875,0.0,0.0,43940.74250872277,41045.78337605491
