budget_gw,floor_lambda,value_musd,gw_North America,value_North America,gw_Europe,value_Europe,gw_Oceania,value_Oceania,gw_Asia,value_Asia,gw_Africa,value_Africa,relben_North America,relben_Europe,relben_Oceania,relben_Asia,relben_Africa,price_of_fairness
1,0.0,45.00620305631884,0.8882599468145704,40.289371623692595,0.07584482891466399,3.1824605312084087,0.0340202245027181,1.4467527575947354,0.0018749997680475475,0.0876181438231052,0.0,0.0,0.015841823895771403,0.0012058894615996144,0.004877473870948991,1.5155553434262441e-05,0.0,0.0
1,0.5,44.20801711657797,0.6369967860962652,29.608234706845536,0.10201358781398102,4.244130620530435,0.006348002740293394,0.27865003708702774,0.25252815010267976,10.006958787249518,0.0021134732467805997,0.07004296486546745,0.011641989467383127,0.0016081746619514405,0.0009394198614077629,0.0017309314258107877,0.0013346890347368722,0.017735020631312826
1,1.0,41.72330372952362,0.27399357219253045,13.213587834016218,0.20402717562796202,8.339245971604287,0.012696005480586787,0.5573000741740555,0.5050563002053595,19.47308391999813,0.004226946493561199,0.1400859297309349,0.005195596830174816,0.0031598848552023408,0.0018788397228155257,0.0033683133538556288,0.0026693780694737445,0.07294326345830904
1,-1.0,40.97135219726591,0.17748283318694655,8.778620132278418,0.25462985763694573,10.29752694143503,0.0340202245027181,1.4467527575947354,0.5163172283249635,19.866829687043143,0.017549856348426207,0.5816226789145753,0.0034517627994388213,0.0039019114604697106,0.004877473870948991,0.0034364206516319116,0.011082989039550097,0.08965099441967794
5,0.0,190.84384981402673,2.564826530994323,101.87336738700911,1.2230267050098373,44.2805000981433,0.3246426182481744,12.018342829350502,0.8699542893992405,32.09001682060928,0.017549856348426207,0.5816226789145753,0.04005671671645464,0.016778649066996044,0.040517740722830986,0.005550699243446817,0.011082989039550097,0.0
5,0.5,190.15248296848966,2.345429993161939,94.64814782463375,1.095064266049939,40.007938521123144,0.2862976240408188,10.744879580804024,1.2626407505133985,44.401302217601426,0.010567366233903,0.35021482432733725,0.037215752677985416,0.015159701422794566,0.0362244821215993,0.007680216436315795,0.006673445173684361,0.0036226833938363123
5,1.0,181.34109826386447,1.3699678609626522,59.51748373946637,1.0201358781398098,37.489188079615815,0.06348002740293485,2.635391952819229,2.525281501026798,81.01501312371772,0.021134732467806,0.684021368245347,0.02340233808872815,0.014205303219257455,0.008884763012966522,0.014013391596755038,0.013034225799497558,0.04979333397131991
5,-1.0,177.6203768770486,0.9708813915552734,43.70018652112621,1.1144916396134688,40.66090174246359,0.12779900769133717,5.115360697540302,2.75172824844307,87.06100973105684,0.035099712696852414,1.0829181848616747,0.01718295995147603,0.01540712050614376,0.017245543864877314,0.015059184404588229,0.02063532047262929,0.06928948954794245
10,0.0,338.47653424897555,4.27535644495288,152.65420245506294,2.5535074379809033,83.12051339770258,0.654868811789663,21.7871663295396,2.4811675925797,79.83173388180887,0.035099712696852414,1.0829181848616747,0.060023795228923905,0.031495803377954004,0.07345162049044206,0.013808716503265166,0.02063532047262929,0.0
10,0.5,338.4705379698297,4.238546746277307,151.66480631592614,2.5462032282093814,82.92063401578456,0.654868811789663,21.7871663295396,2.525281501026798,81.01501312371772,0.035099712696852414,1.0829181848616747,0.05963476361170841,0.031420065615338465,0.07345162049044206,0.014013391596755038,0.02063532047262929,1.7715494396552955e-05
10,1.0,325.4275116241117,2.739935721925303,107.48512629945128,2.040271756279618,68.6526618409401,0.12696005480587333,5.083293439386884,5.050563002053595,142.9524087967059,0.042269464935612,1.2540212476275565,0.042263266306425296,0.026013683630293598,0.0171374347128918,0.02472687477206844,0.02389573901890513,0.03855222239797962
10,-1.0,314.6778568112486,1.6755172975824124,71.10002918624102,2.203680041137206,73.32070356927294,0.2154978162832306,8.306885908018515,5.83510541960344,160.02968037021037,0.07019942539370483,1.9205577775058105,0.027956607312541768,0.027782485559273495,0.02800521288286648,0.02768077781715221,0.03659678614603311,0.07031115906020591
20,0.0,570.6101134164783,7.03182561025267,216.91353313183038,4.842193694355111,136.41482268895598,1.2482086906850167,35.41136389222091,6.807572579313523,179.94983592596506,0.07019942539370483,1.9205577775058105,0.08529063259113419,0.051689940997989195,0.11938321956691639,0.03112642239224817,0.03659678614603311,0.0
20,0.5,570.6101134164779,7.03182561025267,216.91353313183038,4.842193694355092,136.4148226889556,1.2482086906850167,35.41136389222091,6.807572579313523,179.94983592596506,0.07019942539370483,1.9205577775058105,0.08529063259113419,0.051689940997989056,0.11938321956691639,0.03112642239224817,0.03659678614603311,5.551115123125783e-16
20,1.0,553.7523186691634,5.479871443850608,182.35684756766528,4.08054351255924,120.0623785176187,0.25392010961173933,9.64928165263188,10.101126004107185,239.50323059049026,0.08453892987122401,2.180580340757206,0.07170290696855038,0.045493716440217824,0.03253086533761638,0.04142753829869952,0.04155159159469444,0.02954345594469099
20,-1.0,532.2251083493882,3.2260787600170118,122.32359563051467,4.2433382324252715,123.70130073640325,0.39823421365241984,14.369047467581575,12.027049655814743,269.2741330517592,0.10529913809055726,2.5570314631294364,0.048097768274365564,0.04687256714776981,0.04844273024927389,0.046577093897011514,0.04872497704617638,0.06727010994821536
